{"block_number":4412600,"granularity":1000,"stats":{"ADD":{"count":453069,"granularity":1000,"mean":126.66230695324418,"stdev":55.175992409018555,"variance":3044.3901383200732},"ADDMOD":{"count":0,"granularity":1000,"mean":null,"stdev":0.0,"variance":0.0},"ADDRESS":{"count":5362,"granularity":1000,"mean":1205.0710440134301,"stdev":96.696735227678388,"variance":9350.2586036917382},"AND":{"count":295857,"granularity":1000,"mean":170.64888137850463,"stdev":75.794223728319139,"variance":5744.7643505784963},"BALANCE":{"count":8625,"granularity":1000,"mean":762476.28244684299,"stdev":448656.78961800609,"variance":201292914870.33578},"BLOCKHASH":{"count":240,"granularity":1000,"mean":768269.06484166661,"stdev":577664.78695700632,"variance":333696606090.0835},"BYTE":{"count":3917,"granularity":1000,"mean":168.01834848098048,"stdev":53.651676996264015,"variance":2878.5024445114454},"CALL":{"count":66882,"granularity":1000,"mean":102.10959939894221,"stdev":41.844258593565442,"variance":1750.9419772451754},"CALLCODE":{"count":27,"granularity":1000,"mean":106.21514814814816,"stdev":11.01030631559528,"variance":121.2268451632373},"CALLDATACOPY":{"count":3574,"granularity":1000,"mean":896.73597453833122,"stdev":132.61445372485076,"variance":17586.593336740581},"CALLDATALOAD":{"count":72701,"granularity":1000,"mean":1355.3443947401097,"stdev":189.23864773017741,"variance":35811.265794746178},"CALLDATASIZE":{"count":28347,"granularity":1000,"mean":107.53506998976987,"stdev":13.036952584066176,"variance":169.96213267918975},"CALLER":{"count":49151,"granularity":1000,"mean":1199.1054524831568,"stdev":201.86583906362071,"variance":40749.816980859621},"CALLVALUE":{"count":31790,"granularity":1000,"mean":120.05421242529084,"stdev":14.995711494419304,"variance":224.87136322385922},"CODECOPY":{"count":5184,"granularity":1000,"mean":924.58293634259007,"stdev":349.5382724937179,"variance":122177.0039378926},"CODESIZE":{"count":2,"granularity":1000,"mean":68.900000000000006,"stdev":1.6000000000000085,"variance":2.5600000000000271},"COINBASE":{"count":65,"granularity":1000,"mean":1155.5017846153846,"stdev":60.28534046336955,"variance":3634.322274784382},"CREATE":{"count":1456,"granularity":1000,"mean":133.83255975274719,"stdev":15.339717040807315,"variance":235.30691889203433},"DELEGATECALL":{"count":88458,"granularity":1000,"mean":63.448470754481946,"stdev":10.034678792021884,"variance":100.69477845905377},"DIFFICULTY":{"count":1,"granularity":1000,"mean":115.425,"stdev":0.0,"variance":0.0},"DIV":{"count":107972,"granularity":1000,"mean":901.41485652762242,"stdev":369.41010420616681,"variance":136463.82508961103},"DUP1":{"count":869193,"granularity":1000,"mean":80.975777210587424,"stdev":47.14769175572448,"variance":2222.9048378928101},"DUP10":{"count":26475,"granularity":1000,"mean":81.953775259679105,"stdev":10.527827715354409,"variance":110.83515640418445},"DUP11":{"count":13277,"granularity":1000,"mean":90.063211041650817,"stdev":35.933177714775965,"variance":1291.1932606816722},"DUP12":{"count":8619,"granularity":1000,"mean":93.812381598793465,"stdev":15.72493051471962,"variance":247.27343969276026},"DUP13":{"count":9046,"granularity":1000,"mean":89.613620274154243,"stdev":11.199026897487947,"variance":125.41820345065852},"DUP14":{"count":9708,"granularity":1000,"mean":89.417739905232921,"stdev":37.13174319863181,"variance":1378.7663529691399},"DUP15":{"count":2740,"granularity":1000,"mean":89.601234671532907,"stdev":9.2493692806493133,"variance":85.55083208981921},"DUP16":{"count":677,"granularity":1000,"mean":88.552805022156448,"stdev":8.0721006679729665,"variance":65.15880919388961},"DUP2":{"count":705301,"granularity":1000,"mean":85.368417658556993,"stdev":35.87036726354259,"variance":1286.6832476214281},"DUP3":{"count":326047,"granularity":1000,"mean":90.462853376969861,"stdev":28.721394174943384,"variance":824.91848335247175},"DUP4":{"count":215070,"granularity":1000,"mean":88.163065085787622,"stdev":29.191219399124467,"variance":852.12729000782053},"DUP5":{"count":200886,"granularity":1000,"mean":77.275186190178573,"stdev":26.073758399555327,"variance":679.84087707838205},"DUP6":{"count":71336,"granularity":1000,"mean":88.642086436021614,"stdev":11.444672036615833,"variance":130.9805180256964},"DUP7":{"count":69384,"granularity":1000,"mean":93.316280655483183,"stdev":42.148597498850641,"variance":1776.5042711201183},"DUP8":{"count":61453,"granularity":1000,"mean":85.873390867817307,"stdev":18.872279710506344,"variance":356.16294147158948},"DUP9":{"count":26100,"granularity":1000,"mean":88.091961340996477,"stdev":41.708329682936828,"variance":1739.5847649405493},"EQ":{"count":234708,"granularity":1000,"mean":111.97384436406215,"stdev":45.555791707497782,"variance":2075.3301580969237},"EXP":{"count":186004,"granularity":1000,"mean":528.43576106428532,"stdev":1086.7378041067846,"variance":1180999.054874836},"EXTCODECOPY":{"count":23,"granularity":1000,"mean":403448.7466956522,"stdev":361356.74903080624,"variance":130578700070.11308},"EXTCODESIZE":{"count":16834,"granularity":1000,"mean":220709.7325741945,"stdev":245494.65119032844,"variance":60267623763.061028},"GAS":{"count":26510,"granularity":1000,"mean":97.676593134665666,"stdev":14.970780251211023,"variance":224.12426133004996},"GASLIMIT":{"count":0,"granularity":1000,"mean":null,"stdev":0.0,"variance":0.0},"GASPRICE":{"count":506,"granularity":1000,"mean":126.40955335968376,"stdev":14.846433159496796,"variance":220.41657755940599},"GT":{"count":44683,"granularity":1000,"mean":127.62025604816107,"stdev":33.958667127694092,"variance":1153.1910730895313},"ISZERO":{"count":476218,"granularity":1000,"mean":95.089681511408102,"stdev":34.071144448044343,"variance":1160.8428839995031},"JUMP":{"count":135889,"granularity":1000,"mean":222.19552241167395,"stdev":64.531815047288731,"variance":4164.3551532974807},"JUMPC":{"count":165950,"granularity":1000,"mean":89.750423067188919,"stdev":39.756133663152895,"variance":1580.5501638424787},"JUMPCI":{"count":547645,"granularity":1000,"mean":96.110918947493943,"stdev":43.485512421709323,"variance":1890.9897905786356},"JUMPDEST":{"count":759325,"granularity":1000,"mean":86.28644060975185,"stdev":40.373049710289528,"variance":1629.9831429095095},"JUMPI":{"count":14388,"granularity":1000,"mean":96.901674937447893,"stdev":53.916044152111319,"variance":2906.9398170124168},"LOG0":{"count":0,"granularity":1000,"mean":null,"stdev":0.0,"variance":0.0},"LOG1":{"count":8475,"granularity":1000,"mean":1903.766958230085,"stdev":288.61483559510668,"variance":83298.52332559046},"LOG2":{"count":1321,"granularity":1000,"mean":3177.9213890991673,"stdev":510.46153215139992,"variance":260570.97580635472},"LOG3":{"count":11548,"granularity":1000,"mean":3594.4406832351856,"stdev":498.54384003720793,"variance":248545.96043904519},"LOG4":{"count":1030,"granularity":1000,"mean":4620.702396116505,"stdev":561.05665195763311,"variance":314784.56670590868},"LT":{"count":112177,"granularity":1000,"mean":110.65128654715123,"stdev":37.359729128388032,"variance":1395.7493605465252},"MLOAD":{"count":265541,"granularity":1000,"mean":1005.4019612978617,"stdev":176.99981610365012,"variance":31328.934900725963},"MOD":{"count":2910,"granularity":1000,"mean":195.06629278350559,"stdev":134.61893034016026,"variance":18122.256405928918},"MSIZE":{"count":2868,"granularity":1000,"mean":92.4978451882846,"stdev":9.685028438471269,"variance":93.799775853997232},"MSTORE":{"count":402449,"granularity":1000,"mean":1028.0657813114262,"stdev":173.09969321318573,"variance":29963.50379049902},"MSTORE8":{"count":3590,"granularity":1000,"mean":256.14883649025006,"stdev":425.06658015885677,"variance":180681.59756794581},"MUL":{"count":62818,"granularity":1000,"mean":154.06472649559007,"stdev":44.289093605461069,"variance":1961.5238123932925},"MULMOD":{"count":3,"granularity":1000,"mean":296.91199999999998,"stdev":178.1584382303198,"variance":31740.429112666676},"NOT":{"count":30105,"granularity":1000,"mean":131.43694449427019,